{"mean":{"confidence_interval":{"confidence_level":0.95,"lower_bound":14696.224859214542,"upper_bound":14873.420881120595},"point_estimate":14780.654503277272,"standard_error":45.106432314379994},"median":{"confidence_interval":{"confidence_level":0.95,"lower_bound":14609.24832451499,"upper_bound":14789.340448823208},"point_estimate":14686.049326379834,"standard_error":36.6187241288547},"median_abs_dev":{"confidence_interval":{"confidence_level":0.95,"lower_bound":234.81077660532335,"upper_bound":432.1193305334774},"point_estimate":329.9345770446374,"standard_error":57.39772166804996},"slope":{"confidence_interval":{"confidence_level":0.95,"lower_bound":14716.058449358043,"upper_bound":14871.5495231398},"point_estimate":14790.853824934733,"standard_error":39.75595121297262},"std_dev":{"confidence_interval":{"confidence_level":0.95,"lower_bound":339.61449618500393,"upper_bound":583.3765286923986},"point_estimate":454.9854714420159,"standard_error":64.74022822973119}}